"var1","var2","Ncases","Nweight","cor","cor_SE","t","df","p","cor_fmi","cor_VarMI","cor_VarRep","ulke"
"BULLIED","BELONG",6855,884663.542380004,-0.220751853527461,0.0360342871294411,-6.13,Inf,8.78790729429339e-10,0,0,0.00129846984892701,"TUR"
"BULLIED","FEELSAFE",6855,884663.542380004,-0.192751661958878,0.0413599116347334,-4.66,Inf,3.16209383794102e-06,0,0,0.00171064229043295,"TUR"
"BULLIED","CREATEFF",6855,884663.542380004,-0.0249600356168611,0.0484330804408235,-0.52,Inf,0.603063575093932,0,0,0.00234576328098728,"TUR"
"BULLIED","ESCS",6855,884663.542380004,-0.0083088404667063,0.0426116875700555,-0.19,Inf,0.849309130530409,0,0,0.00181575591756803,"TUR"
"BULLIED","ANXMAT",6855,884663.542380004,0.110009762950214,0.0392506774797945,2.8,Inf,0.00511026066085587,0,0,0.00154061568262285,"TUR"
"BULLIED","FAMSUP",6855,884663.542380004,-0.147027534870896,0.0437147844408842,-3.36,Inf,0.000779424725164064,0,0,0.00191098237871297,"TUR"
"BELONG","FEELSAFE",6855,884663.542380004,0.353911219495028,0.0403784067680137,8.76,Inf,1.95250374987764e-18,0,0,0.00163041573312318,"TUR"
"BELONG","CREATEFF",6855,884663.542380004,0.130184654581585,0.0527926578513673,2.47,Inf,0.0135113052142813,0,0,0.00278706472301153,"TUR"
"BELONG","ESCS",6855,884663.542380004,0.0800500393733413,0.0387897423530738,2.06,Inf,0.0393985408187538,0,0,0.00150464411181785,"TUR"
"BELONG","ANXMAT",6855,884663.542380004,-0.0751250850994087,0.0492000669614169,-1.53,Inf,0.126016728927957,0,0,0.00242064658900791,"TUR"
"BELONG","FAMSUP",6855,884663.542380004,0.145148044345657,0.0409801250488049,3.54,Inf,0.00040012703201464,0,0,0.00167937064901569,"TUR"
"FEELSAFE","CREATEFF",6855,884663.542380004,0.0890760238746516,0.0504740445952958,1.76,Inf,0.0784078065749653,0,0,0.00254762917780791,"TUR"
"FEELSAFE","ESCS",6855,884663.542380004,0.0706512453244683,0.0374807007985563,1.89,Inf,0.0587579600808189,0,0,0.0014048029323509,"TUR"
"FEELSAFE","ANXMAT",6855,884663.542380004,-0.102966116118812,0.0481977031085789,-2.14,Inf,0.0323547667443322,0,0,0.00232301858494271,"TUR"
"FEELSAFE","FAMSUP",6855,884663.542380004,0.097138590897675,0.0453007753051063,2.14,Inf,0.0323547667443322,0,0,0.00205216024324373,"TUR"
"CREATEFF","ESCS",6855,884663.542380004,0.116740100956548,0.0488026691982784,2.39,Inf,0.0168483727986914,0,0,0.00238170052087659,"TUR"
"CREATEFF","ANXMAT",6855,884663.542380004,-0.0894561938094458,0.0506734274333322,-1.77,Inf,0.0767271407257425,0,0,0.00256779624784118,"TUR"
"CREATEFF","FAMSUP",6855,884663.542380004,0.161999681695065,0.0484778194585178,3.34,Inf,0.00083778389890074,0,0,0.00235009897945265,"TUR"
"ESCS","ANXMAT",6855,884663.542380004,-0.062977936656669,0.0446754517329953,-1.41,Inf,0.158539682906785,0,0,0.00199589598754719,"TUR"
"ESCS","FAMSUP",6855,884663.542380004,0.117392191167182,0.0404863371996114,2.9,Inf,0.00373162660076808,0,0,0.00163914349984064,"TUR"
"ANXMAT","FAMSUP",6855,884663.542380004,-0.0620720166136404,0.0459124771017668,-1.35,Inf,0.177015982874804,0,0,0.00210795555362026,"TUR"
"BULLIED","BELONG",6224,410118.436780006,-0.124447469388796,0.0649258317727293,-1.92,Inf,0.0548578994076736,0,0,0.00421536363138075,"KOR"
"BULLIED","FEELSAFE",6224,410118.436780006,-0.0621811233643236,0.0720693693941759,-0.86,Inf,0.389789042503617,0,0,0.00519399400487418,"KOR"
"BULLIED","CREATEFF",6224,410118.436780006,0.0361165591734319,0.0544123126823801,0.66,Inf,0.509253829342672,0,0,0.0029606997714451,"KOR"
"BULLIED","ESCS",6224,410118.436780006,0.038348013410601,0.0460494685918921,0.83,Inf,0.406538783656137,0,0,0.00212055355759566,"KOR"
"BULLIED","ANXMAT",6224,410118.436780006,0.051488542196651,0.0723919852864008,0.71,Inf,0.477704136179973,0,0,0.00524059953370647,"KOR"
"BULLIED","FAMSUP",6224,410118.436780006,-0.0207627431793392,0.0645983167114104,-0.32,Inf,0.74896833055336,0,0,0.00417294252194769,"KOR"
"BELONG","FEELSAFE",6224,410118.436780006,0.32861084186154,0.042145000539751,7.8,Inf,6.1907175439174e-15,0,0,0.00177620107049561,"KOR"
"BELONG","CREATEFF",6224,410118.436780006,0.21678611242977,0.0503521805318725,4.31,Inf,1.63254546055262e-05,0,0,0.00253534208431428,"KOR"
"BELONG","ESCS",6224,410118.436780006,0.111014335214031,0.05740430063253,1.93,Inf,0.0536068377541099,0,0,0.00329525373110989,"KOR"
"BELONG","ANXMAT",6224,410118.436780006,-0.182518747120998,0.0347873354017655,-5.25,Inf,1.52099210329774e-07,0,0,0.00121015870435493,"KOR"
"BELONG","FAMSUP",6224,410118.436780006,0.190621774186725,0.0373244913078172,5.11,Inf,3.22158812244275e-07,0,0,0.00139311765138732,"KOR"
"FEELSAFE","CREATEFF",6224,410118.436780006,0.121045474965813,0.0442462517566247,2.74,Inf,0.00614391843730098,0,0,0.00195773079451061,"KOR"
"FEELSAFE","ESCS",6224,410118.436780006,0.100248360435263,0.0527223184899624,1.9,Inf,0.0574331196320036,0,0,0.00277964286695703,"KOR"
"FEELSAFE","ANXMAT",6224,410118.436780006,-0.147359214639739,0.0472710042464288,-3.12,Inf,0.00180851039964468,0,0,0.00223454784246589,"KOR"
"FEELSAFE","FAMSUP",6224,410118.436780006,0.115215248735771,0.0606214765569935,1.9,Inf,0.0574331196320036,0,0,0.00367496341995011,"KOR"
"CREATEFF","ESCS",6224,410118.436780006,0.215474286965167,0.0412570204659797,5.22,Inf,1.78923130725815e-07,0,0,0.00170214173773027,"KOR"
"CREATEFF","ANXMAT",6224,410118.436780006,-0.0693701100437414,0.0799752943146099,-0.87,Inf,0.384300404207392,0,0,0.00639604770070847,"KOR"
"CREATEFF","FAMSUP",6224,410118.436780006,0.249357754234484,0.0635582405027826,3.92,Inf,8.85489686241415e-05,0,0,0.00403964993580955,"KOR"
"ESCS","ANXMAT",6224,410118.436780006,-0.0970756627725784,0.060776897004582,-1.6,Inf,0.109598583399116,0,0,0.00369383120950557,"KOR"
"ESCS","FAMSUP",6224,410118.436780006,0.222975344364257,0.0600977377652694,3.71,Inf,0.000207259247348062,0,0,0.00361173808450308,"KOR"
"ANXMAT","FAMSUP",6224,410118.436780006,-0.0419571487978656,0.0714258522437351,-0.59,Inf,0.55519064950693,0,0,0.00510165236874388,"KOR"
"BULLIED","BELONG",7575,45889.93823,-0.337809006906876,0.0347899165729103,-9.71,Inf,2.73337115640686e-22,0,0,0.00121033829515006,"FIN"
"BULLIED","FEELSAFE",7575,45889.93823,-0.221138133866923,0.0515977572903788,-4.29,Inf,1.7867311825654e-05,0,0,0.00266232855739684,"FIN"
"BULLIED","CREATEFF",7575,45889.93823,0.00363500666450625,0.0434815770843711,0.08,Inf,0.936237255972025,0,0,0.00189064754574411,"FIN"
"BULLIED","ESCS",7575,45889.93823,0.00473761542327318,0.0446166301265167,0.11,Inf,0.912409374915366,0,0,0.0019906436838464,"FIN"
"BULLIED","ANXMAT",7575,45889.93823,0.138532972932266,0.0429533973246195,3.23,Inf,0.00123790218077367,0,0,0.00184499434172663,"FIN"
"BULLIED","FAMSUP",7575,45889.93823,-0.073114890809547,0.0452541229738225,-1.62,Inf,0.105232276908504,0,0,0.00204793564612985,"FIN"
"BELONG","FEELSAFE",7575,45889.93823,0.384464149833705,0.0391330261949389,9.82,Inf,9.23435459709139e-23,0,0,0.00153139373917378,"FIN"
"BELONG","CREATEFF",7575,45889.93823,0.138335304369273,0.0532362534133147,2.6,Inf,0.0093223760474375,0,0,0.00283409867748666,"FIN"
"BELONG","ESCS",7575,45889.93823,0.082953034706947,0.0352978267485305,2.35,Inf,0.0187734110696771,0,0,0.00124593657316927,"FIN"
"BELONG","ANXMAT",7575,45889.93823,-0.228973341941359,0.0456205049135514,-5.02,Inf,5.16714795279947e-07,0,0,0.00208123046856736,"FIN"
"BELONG","FAMSUP",7575,45889.93823,0.168564746837348,0.0452100401225521,3.73,Inf,0.000191479770537829,0,0,0.00204394772788277,"FIN"
"FEELSAFE","CREATEFF",7575,45889.93823,0.073490631714383,0.0452431065435688,1.62,Inf,0.105232276908504,0,0,0.00204693868971272,"FIN"
"FEELSAFE","ESCS",7575,45889.93823,0.0959894130591694,0.0450025230605617,2.13,Inf,0.03317161336721,0,0,0.00202522708181639,"FIN"
"FEELSAFE","ANXMAT",7575,45889.93823,-0.201664225194106,0.0359265707888562,-5.61,Inf,2.02326615110828e-08,0,0,0.00129071848864669,"FIN"
"FEELSAFE","FAMSUP",7575,45889.93823,0.0850384682738175,0.0391862921704118,2.17,Inf,0.0300068459474644,0,0,0.00153556549406488,"FIN"
"CREATEFF","ESCS",7575,45889.93823,0.146780454317445,0.0419369708836585,3.5,Inf,0.00046525815807105,0,0,0.00175870952689682,"FIN"
"CREATEFF","ANXMAT",7575,45889.93823,-0.0882012358941282,0.052593611557283,-1.68,Inf,0.0929573157274401,0,0,0.00276608797663838,"FIN"
"CREATEFF","FAMSUP",7575,45889.93823,0.178075098316596,0.0477643742463481,3.73,Inf,0.000191479770537829,0,0,0.0022814354471452,"FIN"
"ESCS","ANXMAT",7575,45889.93823,-0.107427081889764,0.0380427726585894,-2.82,Inf,0.00480236494837851,0,0,0.00144725255155312,"FIN"
"ESCS","FAMSUP",7575,45889.93823,0.122651846718539,0.0393228121028466,3.12,Inf,0.00180851039964468,0,0,0.00154628355167578,"FIN"
"ANXMAT","FAMSUP",7575,45889.93823,-0.0628897870661393,0.0457731455517486,-1.37,Inf,0.170686901643934,0,0,0.00209518085370157,"FIN"
"BULLIED","BELONG",4953,1085913.73939999,-0.220700385261191,0.0471234681745167,-4.68,Inf,2.86874916884027e-06,0,0,0.00222062125279469,"MEX"
"BULLIED","FEELSAFE",4953,1085913.73939999,-0.13693368351183,0.0482213376008746,-2.84,Inf,0.00451135338308465,0,0,0.00232529740001752,"MEX"
"BULLIED","CREATEFF",4953,1085913.73939999,-0.0400537581806133,0.0496663925108098,-0.81,Inf,0.417940175743203,0,0,0.00246675054503782,"MEX"
"BULLIED","ESCS",4953,1085913.73939999,-0.0109190264813918,0.0534579237540825,-0.2,Inf,0.841480581121794,0,0,0.0028577496120973,"MEX"
"BULLIED","ANXMAT",4953,1085913.73939999,0.0988022436540418,0.0403010752259819,2.45,Inf,0.0142856214705428,0,0,0.00162417666437025,"MEX"
"BULLIED","FAMSUP",4953,1085913.73939999,-0.138322690024694,0.0462673741971172,-2.99,Inf,0.0027897744709845,0,0,0.00214066991509607,"MEX"
"BELONG","FEELSAFE",4953,1085913.73939999,0.311126093105617,0.051184614814445,6.08,Inf,1.20182547629769e-09,0,0,0.0026198647937031,"MEX"
"BELONG","CREATEFF",4953,1085913.73939999,0.153862551778037,0.0571331606355642,2.69,Inf,0.00714520190479948,0,0,0.00326419804420918,"MEX"
"BELONG","ESCS",4953,1085913.73939999,0.0839451792261842,0.0472265138964115,1.78,Inf,0.0750759606970336,0,0,0.00223034361480795,"MEX"
"BELONG","ANXMAT",4953,1085913.73939999,-0.087790986245845,0.0506745541046395,-1.73,Inf,0.0836302752271899,0,0,0.00256791043370403,"MEX"
"BELONG","FAMSUP",4953,1085913.73939999,0.160431770117109,0.0532790052912792,3.01,Inf,0.00261247689753894,0,0,0.00283865240482816,"MEX"
"FEELSAFE","CREATEFF",4953,1085913.73939999,0.0925328342435878,0.051877791369083,1.78,Inf,0.0750759606970336,0,0,0.0026913052373341,"MEX"
"FEELSAFE","ESCS",4953,1085913.73939999,0.071416525671472,0.062550974655683,1.14,Inf,0.254286301125597,0,0,0.0039126244303759,"MEX"
"FEELSAFE","ANXMAT",4953,1085913.73939999,-0.101918060761592,0.0523310564917118,-1.95,Inf,0.0511761190432773,0,0,0.00273853947353873,"MEX"
"FEELSAFE","FAMSUP",4953,1085913.73939999,0.126116476867444,0.0461006708817895,2.74,Inf,0.00614391843730098,0,0,0.00212527185575107,"MEX"
"CREATEFF","ESCS",4953,1085913.73939999,0.117485587190111,0.0495142457084034,2.37,Inf,0.0177880852606736,0,0,0.00245166052807215,"MEX"
"CREATEFF","ANXMAT",4953,1085913.73939999,-0.0750515258772133,0.0504971305937615,-1.49,Inf,0.136224235933451,0,0,0.0025499601982034,"MEX"
"CREATEFF","FAMSUP",4953,1085913.73939999,0.244626787989255,0.0480533424547565,5.09,Inf,3.58063514499668e-07,0,0,0.0023091237210741,"MEX"
"ESCS","ANXMAT",4953,1085913.73939999,-0.03413371296055,0.0520045708227566,-0.66,Inf,0.509253829342672,0,0,0.00270447538645911,"MEX"
"ESCS","FAMSUP",4953,1085913.73939999,0.0650405120403532,0.0436752435823518,1.49,Inf,0.136224235933451,0,0,0.00190752690197777,"MEX"
"ANXMAT","FAMSUP",4953,1085913.73939999,-0.0599607996021278,0.0445782020849279,-1.35,Inf,0.177015982874804,0,0,0.00198721610112467,"MEX"
