"parameter","est","SE","t","df","p","VarRep","ulke","model"
"beta_(Intercept)",-0.264371669691698,0.120252666573761,-2.2,Inf,0.0278068950269972,0.0144607038181001,"TUR","A1_BELONG"
"beta_BULLIED_CWC",-0.183499481806287,0.0354837686195401,-5.17,Inf,2.34093994745263e-07,0.00125909783544506,"TUR","A1_BELONG"
"beta_ESCS_CWC",0.0444767759973968,0.0420975217407986,1.06,Inf,0.289144599327819,0.00177220133671701,"TUR","A1_BELONG"
"beta_ANXMAT_CWC",-0.0371707917620678,0.0413289519924505,-0.9,Inf,0.368120250693519,0.00170808227279428,"TUR","A1_BELONG"
"beta_FAMSUP_CWC",0.0870477072555591,0.0410624267570344,2.12,Inf,0.0340060452952656,0.00168612289117681,"TUR","A1_BELONG"
"beta_ST004D01T",-0.0209353909876282,0.0824744831224722,-0.25,Inf,0.802587348634153,0.00680204036631895,"TUR","A1_BELONG"
"Var_(Intercept)",0.0103539796695832,0.0117825139490547,0.88,Inf,0.378859309553424,0.000138827634959669,"TUR","A1_BELONG"
"ResidVar",0.885306919687348,0.00713362375888026,124.1,Inf,0,5.08885879332609e-05,"TUR","A1_BELONG"
"ExplVar_Lev2_Fixed",-0.00168635137758995,0.000740244060156633,-2.28,Inf,0.0226076884771056,5.47961268597177e-07,"TUR","A1_BELONG"
"ExplVar_Lev2_Random",0,0,NA,Inf,NA,0,"TUR","A1_BELONG"
"ResidVar_Lev2",0.0103539796695832,0.0117825139490547,0.88,Inf,0.378859309553424,0.000138827634959669,"TUR","A1_BELONG"
"ExplVar_Lev1_Fixed",0.0609055216388624,0.0248580206253612,2.45,Inf,0.0142856214705428,0.000617921189410883,"TUR","A1_BELONG"
"ExplVar_Lev1_Random",0,0,NA,Inf,NA,0,"TUR","A1_BELONG"
"ResidVar_Lev1",0.885306919687348,0.00713362375888026,124.1,Inf,0,5.08885879332609e-05,"TUR","A1_BELONG"
"Var_Total",0.954880069618203,0.0249468920455074,38.28,Inf,1.31915527439613e-320,0.000622347422730198,"TUR","A1_BELONG"
"R2_Lev2",-0.194557417644194,0.471224448751606,-0.41,Inf,0.681805947544645,0.222052481101255,"TUR","A1_BELONG"
"R2_Lev1",0.064367703254353,0.0238423551935131,2.7,Inf,0.00693394760608133,0.000568457901173643,"TUR","A1_BELONG"
"R2_Total",0.0620173906079645,0.0229942120429985,2.7,Inf,0.00693394760608133,0.000528733787478379,"TUR","A1_BELONG"
"ICC_Uncond",0.00907719049519888,0.0120934806976597,0.75,Inf,0.453254704753736,0.000146252275384667,"TUR","A1_BELONG"
"ICC_UncondWB",0.00807567891929019,0.0092147472808476,0.88,Inf,0.378859309553424,8.49115674498883e-05,"TUR","A1_BELONG"
"ICC_Cond",0.0115601559440823,0.0130882096420195,0.88,Inf,0.378859309553424,0.000171301231633452,"TUR","A1_BELONG"
"beta_(Intercept)",-0.661955370065561,0.147974634788814,-4.47,Inf,7.82195972056141e-06,0.0218964925408829,"TUR","A2_FEELSAFE"
"beta_BULLIED_CWC",-0.178160242631156,0.043901226957677,-4.06,Inf,4.90727159328195e-05,0.00192731772838946,"TUR","A2_FEELSAFE"
"beta_ESCS_CWC",0.0217089917945339,0.0409282917284616,0.53,Inf,0.596111930789753,0.00167512506381005,"TUR","A2_FEELSAFE"
"beta_ANXMAT_CWC",-0.0497869759956838,0.0420972951757625,-1.18,Inf,0.238000214910401,0.00177218226111528,"TUR","A2_FEELSAFE"
"beta_FAMSUP_CWC",0.0589720306989873,0.0428726407223675,1.38,Inf,0.167586644830029,0.0018380633225092,"TUR","A2_FEELSAFE"
"beta_ST004D01T",0.164288020217823,0.0852136563350773,1.93,Inf,0.0536068377541099,0.00726136722599266,"TUR","A2_FEELSAFE"
"Var_(Intercept)",0.0193253467877968,0.0172698417111678,1.12,Inf,0.262713762085461,0.000298247432728791,"TUR","A2_FEELSAFE"
"ResidVar",0.986999517587101,0.00667395564936654,147.89,Inf,0,4.45416840097115e-05,"TUR","A2_FEELSAFE"
"ExplVar_Lev2_Fixed",-0.000289634297769196,0.00136639073749664,-0.21,Inf,0.833667673035115,1.86702364751661e-06,"TUR","A2_FEELSAFE"
"ExplVar_Lev2_Random",0,0,NA,Inf,NA,0,"TUR","A2_FEELSAFE"
"ResidVar_Lev2",0.0193253467877968,0.0172698417111678,1.12,Inf,0.262713762085461,0.000298247432728791,"TUR","A2_FEELSAFE"
"ExplVar_Lev1_Fixed",0.0576975580394316,0.0260458848524432,2.22,Inf,0.0264187676145125,0.000678388117746731,"TUR","A2_FEELSAFE"
"ExplVar_Lev1_Random",0,0,NA,Inf,NA,0,"TUR","A2_FEELSAFE"
"ResidVar_Lev1",0.986999517587101,0.00667395564936654,147.89,Inf,0,4.45416840097115e-05,"TUR","A2_FEELSAFE"
"Var_Total",1.06373278811656,0.0269789032691477,39.43,Inf,0,0.000727861221606031,"TUR","A2_FEELSAFE"
"R2_Lev2",-0.0152153116370573,0.0979829648358709,-0.16,Inf,0.872881074217134,0.00960066139802751,"TUR","A2_FEELSAFE"
"R2_Lev1",0.0552289839663128,0.0229075402540573,2.41,Inf,0.0159525205214675,0.000524755400491254,"TUR","A2_FEELSAFE"
"R2_Total",0.0539683691082875,0.0222890818132222,2.42,Inf,0.0155205071011073,0.000496803168076512,"TUR","A2_FEELSAFE"
"ICC_Uncond",0.0178952014102453,0.0162378842500875,1.1,Inf,0.271332121892765,0.00026366888491924,"TUR","A2_FEELSAFE"
"ICC_UncondWB",0.0137451532109872,0.0118570824225621,1.16,Inf,0.246048806102687,0.000140590403575432,"TUR","A2_FEELSAFE"
"ICC_Cond",0.0192038848208339,0.0169494281148038,1.13,Inf,0.258476224480036,0.0002872831134189,"TUR","A2_FEELSAFE"
"beta_(Intercept)",0.0941683056201764,0.119908817370453,0.79,Inf,0.429527768327274,0.0143781244831807,"TUR","B_CREATEFF"
"beta_BULLIED_CWC",0.0229648929463962,0.0443059780496372,0.52,Inf,0.603063575093932,0.00196301969093494,"TUR","B_CREATEFF"
"beta_BELONG_CWC",0.0933152881535497,0.0539997991083869,1.73,Inf,0.0836302752271899,0.00291597830374615,"TUR","B_CREATEFF"
"beta_FEELSAFE_CWC",0.0331576268709299,0.049226108055,0.67,Inf,0.50285779019062,0.00242320971424254,"TUR","B_CREATEFF"
"beta_ESCS_CWC",0.100020390448572,0.0418729058549772,2.39,Inf,0.0168483727986914,0.00175334024473978,"TUR","B_CREATEFF"
"beta_ANXMAT_CWC",-0.0584559220311819,0.0405227743697107,-1.44,Inf,0.149867399068654,0.00164209524261848,"TUR","B_CREATEFF"
"beta_FAMSUP_CWC",0.124246095778264,0.0469215112344079,2.65,Inf,0.00804917708551662,0.00220162821652067,"TUR","B_CREATEFF"
"beta_ST004D01T",0.019116598385695,0.0772103761840025,0.25,Inf,0.802587348634153,0.00596144219047518,"TUR","B_CREATEFF"
"Var_(Intercept)",0.00793619423015421,0.0166407473718925,0.48,Inf,0.631227393032445,0.000276914473095149,"TUR","B_CREATEFF"
"ResidVar",1.00663089058863,0.0117326502957921,85.8,Inf,0,0.00013765508296335,"TUR","B_CREATEFF"
"ExplVar_Lev2_Fixed",-0.00162350284124324,0.000965021716455291,-1.68,Inf,0.0929573157274401,9.31266913230316e-07,"TUR","B_CREATEFF"
"ExplVar_Lev2_Random",0,0,NA,Inf,NA,0,"TUR","B_CREATEFF"
"ResidVar_Lev2",0.00793619423015421,0.0166407473718925,0.48,Inf,0.631227393032445,0.000276914473095149,"TUR","B_CREATEFF"
"ExplVar_Lev1_Fixed",0.0582934862565718,0.0339588573481853,1.72,Inf,0.0854324415826579,0.0011532039923944,"TUR","B_CREATEFF"
"ExplVar_Lev1_Random",0,0,NA,Inf,NA,0,"TUR","B_CREATEFF"
"ResidVar_Lev1",1.00663089058863,0.0117326502957921,85.8,Inf,0,0.00013765508296335,"TUR","B_CREATEFF"
"Var_Total",1.07123706823411,0.033501014256012,31.98,Inf,2.06883027904967e-224,0.00112231795618152,"TUR","B_CREATEFF"
"R2_Lev2",-0.257180771436907,2.74007201230825,-0.09,Inf,0.928287214829656,7.50799463263501,"TUR","B_CREATEFF"
"R2_Lev1",0.0547395547740808,0.0291983940542287,1.87,Inf,0.0614838178589319,0.000852546215346018,"TUR","B_CREATEFF"
"R2_Total",0.0529014399293954,0.0283382330496313,1.87,Inf,0.0614838178589319,0.000803055452375215,"TUR","B_CREATEFF"
"ICC_Uncond",0.00589289857129119,0.0153933760271163,0.38,Inf,0.703945415151674,0.000236956025512197,"TUR","B_CREATEFF"
"ICC_UncondWB",0.00537120067956312,0.0132350360051104,0.41,Inf,0.681805947544645,0.000175166178056568,"TUR","B_CREATEFF"
"ICC_Cond",0.0078222468961446,0.0163488134316169,0.48,Inf,0.631227393032445,0.000267283700621818,"TUR","B_CREATEFF"
"beta_(Intercept)",0.147003287829521,0.136510655386832,1.08,Inf,0.280142180177538,0.0186351590341424,"KOR","A1_BELONG"
"beta_BULLIED_CWC",-0.169004661084914,0.0890369716244793,-1.9,Inf,0.0574331196320036,0.00792758231605833,"KOR","A1_BELONG"
"beta_ESCS_CWC",0.0724233033532462,0.0688507343026675,1.05,Inf,0.293718112751792,0.00474042361401651,"KOR","A1_BELONG"
"beta_ANXMAT_CWC",-0.131152243788753,0.0352326557654066,-3.72,Inf,0.000199222777951833,0.00124134003228364,"KOR","A1_BELONG"
"beta_FAMSUP_CWC",0.177694007295868,0.0446244038551244,3.98,Inf,6.89152682301061e-05,0.00199133741942524,"KOR","A1_BELONG"
"beta_ST004D01T",0.0744016906061743,0.0829133852442019,0.9,Inf,0.368120250693519,0.00687462945265344,"KOR","A1_BELONG"
"Var_(Intercept)",0.010958951007633,0.0167829977965717,0.65,Inf,0.515692221611729,0.000281669015039732,"KOR","A1_BELONG"
"ResidVar",0.92783849310421,0.0135621113294167,68.41,Inf,0,0.000183930863711492,"KOR","A1_BELONG"
"ExplVar_Lev2_Fixed",-0.00323268413057802,0.00448464390029965,-0.72,Inf,0.471524995558502,2.01120309124949e-05,"KOR","A1_BELONG"
"ExplVar_Lev2_Random",0,0,NA,Inf,NA,0,"KOR","A1_BELONG"
"ResidVar_Lev2",0.010958951007633,0.0167829977965717,0.65,Inf,0.515692221611729,0.000281669015039732,"KOR","A1_BELONG"
"ExplVar_Lev1_Fixed",0.127578933027287,0.151143692641071,0.84,Inf,0.400908386520899,0.0228444158251785,"KOR","A1_BELONG"
"ExplVar_Lev1_Random",0,0,NA,Inf,NA,0,"KOR","A1_BELONG"
"ResidVar_Lev1",0.92783849310421,0.0135621113294167,68.41,Inf,0,0.000183930863711492,"KOR","A1_BELONG"
"Var_Total",1.06314369300855,0.146000397666763,7.28,Inf,3.33820176355857e-13,0.0213161161188528,"KOR","A1_BELONG"
"R2_Lev2",-0.418401820959388,5.92267434373387,-0.07,Inf,0.944193659638958,35.0780713819235,"KOR","A1_BELONG"
"R2_Lev1",0.120880070641729,0.117126643980758,1.03,Inf,0.303010005576687,0.0137186507301952,"KOR","A1_BELONG"
"R2_Total",0.116960905392597,0.114237901451538,1.02,Inf,0.30772846074547,0.0130502981280513,"KOR","A1_BELONG"
"ICC_Uncond",0.00726737780402076,0.0170604175411865,0.43,Inf,0.667195641190915,0.000291057846679623,"KOR","A1_BELONG"
"ICC_UncondWB",-0.00065194906253541,0.0235014117125844,-0.03,Inf,0.976067053171775,0.000552316352484397,"KOR","A1_BELONG"
"ICC_Cond",0.0116733924622056,0.0178079979186125,0.66,Inf,0.509253829342672,0.000317124789869307,"KOR","A1_BELONG"
"beta_(Intercept)",-0.332455498981014,0.197612239798801,-1.68,Inf,0.0929573157274401,0.0390505973182988,"KOR","A2_FEELSAFE"
"beta_BULLIED_CWC",-0.0873465894516671,0.0734286001142624,-1.19,Inf,0.234046392046217,0.00539175931474025,"KOR","A2_FEELSAFE"
"beta_ESCS_CWC",0.0426309222303016,0.0595258372882372,0.72,Inf,0.471524995558502,0.00354332530486569,"KOR","A2_FEELSAFE"
"beta_ANXMAT_CWC",-0.092130481304028,0.0362530788919839,-2.54,Inf,0.0110852468861652,0.00131428572914841,"KOR","A2_FEELSAFE"
"beta_FAMSUP_CWC",0.11247667304369,0.0568950039060943,1.98,Inf,0.047703528683017,0.00323704146947449,"KOR","A2_FEELSAFE"
"beta_ST004D01T",0.295272809961349,0.123803015338778,2.39,Inf,0.0168483727986914,0.0153271866069738,"KOR","A2_FEELSAFE"
"Var_(Intercept)",0.0425858987090941,0.0340352725042004,1.25,Inf,0.21129954733371,0.00115839977443518,"KOR","A2_FEELSAFE"
"ResidVar",0.86363615174349,0.00705833033575526,122.36,Inf,0,4.98200271286429e-05,"KOR","A2_FEELSAFE"
"ExplVar_Lev2_Fixed",0.00667226639387925,0.00906302922493544,0.74,Inf,0.459299994329581,8.21384987320339e-05,"KOR","A2_FEELSAFE"
"ExplVar_Lev2_Random",0,0,NA,Inf,NA,0,"KOR","A2_FEELSAFE"
"ResidVar_Lev2",0.0425858987090941,0.0340352725042004,1.25,Inf,0.21129954733371,0.00115839977443518,"KOR","A2_FEELSAFE"
"ExplVar_Lev1_Fixed",0.0755953885001946,0.0958996594278249,0.79,Inf,0.429527768327274,0.00919674467837281,"KOR","A2_FEELSAFE"
"ExplVar_Lev1_Random",0,0,NA,Inf,NA,0,"KOR","A2_FEELSAFE"
"ResidVar_Lev1",0.86363615174349,0.00705833033575526,122.36,Inf,0,4.98200271286429e-05,"KOR","A2_FEELSAFE"
"Var_Total",0.988489705346658,0.0873165575876455,11.32,Inf,1.04471920530996e-29,0.00762418122895661,"KOR","A2_FEELSAFE"
"R2_Lev2",0.135455033291049,0.175636114091814,0.77,Inf,0.441299892685299,0.0308480445732726,"KOR","A2_FEELSAFE"
"R2_Lev1",0.080486424551481,0.0890294797373374,0.9,Inf,0.368120250693519,0.00792624826230097,"KOR","A2_FEELSAFE"
"R2_Total",0.0832256061434884,0.0821545379964712,1.01,Inf,0.312495290042509,0.00674936811341363,"KOR","A2_FEELSAFE"
"ICC_Uncond",0.0498317431497163,0.0366981310386532,1.36,Inf,0.17382992389417,0.00134675282173016,"KOR","A2_FEELSAFE"
"ICC_UncondWB",0.0269107457394284,0.0450115265188629,0.6,Inf,0.548506235500147,0.0020260375195583,"KOR","A2_FEELSAFE"
"ICC_Cond",0.0469927858054502,0.0361421436234395,1.3,Inf,0.193600969171221,0.00130625454569733,"KOR","A2_FEELSAFE"
"beta_(Intercept)",-0.529149225460645,0.202809311184896,-2.61,Inf,0.00905422226593465,0.0411316167032918,"KOR","B_CREATEFF"
"beta_BULLIED_CWC",0.0876320301474819,0.0714156548684664,1.23,Inf,0.218697104851384,0.0051001957602919,"KOR","B_CREATEFF"
"beta_BELONG_CWC",0.182298266506265,0.0565184239907136,3.23,Inf,0.00123790218077367,0.00319433225039407,"KOR","B_CREATEFF"
"beta_FEELSAFE_CWC",0.0156291464799031,0.0519835762182721,0.3,Inf,0.764177155622095,0.00270229219644091,"KOR","B_CREATEFF"
"beta_ESCS_CWC",0.200246497938478,0.0663411198775777,3.02,Inf,0.0025277468553446,0.00440114418661113,"KOR","B_CREATEFF"
"beta_ANXMAT_CWC",-0.00249404337266617,0.0665164798601447,-0.04,Inf,0.968093126294339,0.00442444209298503,"KOR","B_CREATEFF"
"beta_FAMSUP_CWC",0.223458489569091,0.0781701637247459,2.86,Inf,0.00423641008080924,0.00611057449675357,"KOR","B_CREATEFF"
"beta_ST004D01T",0.256244909978291,0.121340788377002,2.11,Inf,0.0348583558753142,0.0147235869239524,"KOR","B_CREATEFF"
"Var_(Intercept)",0.0255362854678442,0.0258729235608459,0.99,Inf,0.322174119021662,0.000669408173585373,"KOR","B_CREATEFF"
"ResidVar",1.08730127104002,0.0130099767481497,83.57,Inf,0,0.000169259494987396,"KOR","B_CREATEFF"
"ExplVar_Lev2_Fixed",9.2960053904116e-05,0.0131881628521259,0.01,Inf,0.992021287370737,0.000173927639414194,"KOR","B_CREATEFF"
"ExplVar_Lev2_Random",0,0,NA,Inf,NA,0,"KOR","B_CREATEFF"
"ResidVar_Lev2",0.0255362854678442,0.0258729235608459,0.99,Inf,0.322174119021662,0.000669408173585373,"KOR","B_CREATEFF"
"ExplVar_Lev1_Fixed",0.226827055162599,0.33092614094316,0.69,Inf,0.490194187348619,0.109512110759532,"KOR","B_CREATEFF"
"ExplVar_Lev1_Random",0,0,NA,Inf,NA,0,"KOR","B_CREATEFF"
"ResidVar_Lev1",1.08730127104002,0.0130099767481497,83.57,Inf,0,0.000169259494987396,"KOR","B_CREATEFF"
"Var_Total",1.33975757172437,0.318053661384086,4.21,Inf,2.55370688274699e-05,0.101158131519823,"KOR","B_CREATEFF"
"R2_Lev2",0.00362710848531349,0.768566681942825,0,Inf,1,0.590694744592604,"KOR","B_CREATEFF"
"R2_Lev1",0.172606472777321,0.184103415441436,0.94,Inf,0.347217560677249,0.0338940675772021,"KOR","B_CREATEFF"
"R2_Total",0.169373937498588,0.177017692023057,0.96,Inf,0.337055214933676,0.0313352632891699,"KOR","B_CREATEFF"
"ICC_Uncond",0.0191297635203969,0.0257078013999442,0.74,Inf,0.459299994329581,0.000660891052818972,"KOR","B_CREATEFF"
"ICC_UncondWB",0.00129110051340428,0.0300682707250509,0.04,Inf,0.968093126294339,0.00090410090439495,"KOR","B_CREATEFF"
"ICC_Cond",0.022947001849918,0.0229203549362839,1,Inf,0.317310507862914,0.000525342670405235,"KOR","B_CREATEFF"
"beta_(Intercept)",-0.500844859912047,0.111420057668505,-4.5,Inf,6.79534624946012e-06,0.012414429250853,"FIN","A1_BELONG"
"beta_BULLIED_CWC",-0.308636017825535,0.0406595040097883,-7.59,Inf,3.19905488561063e-14,0.00165319526632199,"FIN","A1_BELONG"
"beta_ESCS_CWC",0.0666052653322895,0.0383512748830151,1.74,Inf,0.0818590179576147,0.00147082028515259,"FIN","A1_BELONG"
"beta_ANXMAT_CWC",-0.113034724110959,0.0363259344312627,-3.11,Inf,0.0018708734390282,0.00131957351230439,"FIN","A1_BELONG"
"beta_FAMSUP_CWC",0.134033231584495,0.0416309945335257,3.22,Inf,0.00128190596732011,0.00173313970585044,"FIN","A1_BELONG"
"beta_ST004D01T",0.409157812313811,0.0792975192401058,5.16,Inf,2.46949842473033e-07,0.00628809655763495,"FIN","A1_BELONG"
"Var_(Intercept)",0.0134362541370666,0.0147186740388549,0.91,Inf,0.362822509783594,0.000216639365462061,"FIN","A1_BELONG"
"ResidVar",0.826765009427975,0.0287417566316498,28.77,Inf,5.09218939091543e-182,0.000826088574272986,"FIN","A1_BELONG"
"ExplVar_Lev2_Fixed",-0.00644548538560671,0.00246318964240981,-2.62,Inf,0.00879297669624262,6.06730321447495e-06,"FIN","A1_BELONG"
"ExplVar_Lev2_Random",0,0,NA,Inf,NA,0,"FIN","A1_BELONG"
"ResidVar_Lev2",0.0134362541370666,0.0147186740388549,0.91,Inf,0.362822509783594,0.000216639365462061,"FIN","A1_BELONG"
"ExplVar_Lev1_Fixed",0.266802132821656,0.0809354501273237,3.3,Inf,0.000966848284767555,0.0065505470873125,"FIN","A1_BELONG"
"ExplVar_Lev1_Random",0,0,NA,Inf,NA,0,"FIN","A1_BELONG"
"ResidVar_Lev1",0.826765009427975,0.0287417566316498,28.77,Inf,5.09218939091543e-182,0.000826088574272986,"FIN","A1_BELONG"
"Var_Total",1.10055791100109,0.0850657750843492,12.94,Inf,2.67629500703649e-38,0.00723618609070109,"FIN","A1_BELONG"
"R2_Lev2",-0.921999513180957,412.934342142392,0,Inf,1,170514.77092057,"FIN","A1_BELONG"
"R2_Lev1",0.243974167212819,0.0496225602107976,4.92,Inf,8.65442123723404e-07,0.00246239848187424,"FIN","A1_BELONG"
"R2_Total",0.236567876014106,0.0487493321126409,4.85,Inf,1.2346147440184e-06,0.00237649738142856,"FIN","A1_BELONG"
"ICC_Uncond",0.00635202262559812,0.0128696799316348,0.49,Inf,0.624133898834781,0.000165628661542723,"FIN","A1_BELONG"
"ICC_UncondWB",0.00369667962632307,0.00959190067724167,0.39,Inf,0.696536546928035,9.20045586020693e-05,"FIN","A1_BELONG"
"ICC_Cond",0.0159917090341611,0.0174262792674462,0.92,Inf,0.357572759228743,0.000303675209107027,"FIN","A1_BELONG"
"beta_(Intercept)",-0.124269158449638,0.134887079763163,-0.92,Inf,0.357572759228743,0.0181945242870338,"FIN","A2_FEELSAFE"
"beta_BULLIED_CWC",-0.181060142439531,0.0470980565778549,-3.84,Inf,0.000123034310366511,0.00221822693341082,"FIN","A2_FEELSAFE"
"beta_ESCS_CWC",0.0790865393502904,0.052130737805511,1.52,Inf,0.128510975637872,0.00271761382414693,"FIN","A2_FEELSAFE"
"beta_ANXMAT_CWC",-0.0981638170964701,0.0300335980850143,-3.27,Inf,0.00107547484365939,0.000902017013932174,"FIN","A2_FEELSAFE"
"beta_FAMSUP_CWC",0.0501184008481863,0.0391635295300644,1.28,Inf,0.200545135908884,0.00153378204525222,"FIN","A2_FEELSAFE"
"beta_ST004D01T",0.338930747401843,0.0799671061310475,4.24,Inf,2.23519786642411e-05,0.00639473806297421,"FIN","A2_FEELSAFE"
"Var_(Intercept)",0.0108515363031057,0.0148186027319189,0.73,Inf,0.465390184601795,0.000219590986926433,"FIN","A2_FEELSAFE"
"ResidVar",0.784270731034085,0.0231073444388052,33.94,Inf,1.71324902939031e-252,0.00053394936701358,"FIN","A2_FEELSAFE"
"ExplVar_Lev2_Fixed",-0.00282240679293973,0.00118949685937848,-2.37,Inf,0.0177880852606736,1.41490277847126e-06,"FIN","A2_FEELSAFE"
"ExplVar_Lev2_Random",0,0,NA,Inf,NA,0,"FIN","A2_FEELSAFE"
"ResidVar_Lev2",0.0108515363031057,0.0148186027319189,0.73,Inf,0.465390184601795,0.000219590986926433,"FIN","A2_FEELSAFE"
"ExplVar_Lev1_Fixed",0.128064917674389,0.0442352111338797,2.9,Inf,0.00373162660076808,0.00195675390405891,"FIN","A2_FEELSAFE"
"ExplVar_Lev1_Random",0,0,NA,Inf,NA,0,"FIN","A2_FEELSAFE"
"ResidVar_Lev1",0.784270731034085,0.0231073444388052,33.94,Inf,1.71324902939031e-252,0.00053394936701358,"FIN","A2_FEELSAFE"
"Var_Total",0.920364778218639,0.049797426552898,18.48,Inf,2.99181316189931e-76,0.00247978369129127,"FIN","A2_FEELSAFE"
"R2_Lev2",-0.351520895181251,1.70089232989955,-0.21,Inf,0.833667673035115,2.89303471791111,"FIN","A2_FEELSAFE"
"R2_Lev1",0.14037039751289,0.0386488517140854,3.63,Inf,0.000283421219751638,0.00149373373881736,"FIN","A2_FEELSAFE"
"R2_Total",0.136079208858747,0.0378862473507964,3.59,Inf,0.00033067796144022,0.00143536773832573,"FIN","A2_FEELSAFE"
"ICC_Uncond",0.00872385569307233,0.0157583428510223,0.55,Inf,0.582319373576693,0.000248325369410367,"FIN","A2_FEELSAFE"
"ICC_UncondWB",0.0060860849635056,0.010334443479918,0.59,Inf,0.55519064950693,0.00010680072203962,"FIN","A2_FEELSAFE"
"ICC_Cond",0.0136476322559129,0.0185449421077071,0.74,Inf,0.459299994329581,0.000343914877778208,"FIN","A2_FEELSAFE"
"beta_(Intercept)",0.146989961182317,0.166270714769618,0.88,Inf,0.378859309553424,0.0276459505899998,"FIN","B_CREATEFF"
"beta_BULLIED_CWC",0.0619487384389975,0.044052280533634,1.41,Inf,0.158539682906785,0.00194060342021399,"FIN","B_CREATEFF"
"beta_BELONG_CWC",0.112555421569958,0.0674231054827634,1.67,Inf,0.0949193636058946,0.00454587515293984,"FIN","B_CREATEFF"
"beta_FEELSAFE_CWC",0.0261804149635572,0.049494687478627,0.53,Inf,0.596111930789753,0.00244972408860696,"FIN","B_CREATEFF"
"beta_ESCS_CWC",0.110517791482121,0.0610594894480989,1.81,Inf,0.0702957871680776,0.0037282612516625,"FIN","B_CREATEFF"
"beta_ANXMAT_CWC",-0.0520263118824904,0.0486054932803143,-1.07,Inf,0.284619308711878,0.00236249397702268,"FIN","B_CREATEFF"
"beta_FAMSUP_CWC",0.154226166774598,0.0525732543195631,2.93,Inf,0.00338962003855452,0.00276394706974946,"FIN","B_CREATEFF"
"beta_ST004D01T",-0.135266533642284,0.106446225501641,-1.27,Inf,0.204084630149638,0.0113307989235463,"FIN","B_CREATEFF"
"Var_(Intercept)",0.01602166650149,0.0130478817490468,1.23,Inf,0.218697104851384,0.000170247218137108,"FIN","B_CREATEFF"
"ResidVar",0.931165453525672,0.0242039181796432,38.47,Inf,0,0.000585829655246862,"FIN","B_CREATEFF"
"ExplVar_Lev2_Fixed",-0.00203217481086118,0.0011205668022425,-1.81,Inf,0.0702957871680776,1.25566995828799e-06,"FIN","B_CREATEFF"
"ExplVar_Lev2_Random",0,0,NA,Inf,NA,0,"FIN","B_CREATEFF"
"ResidVar_Lev2",0.01602166650149,0.0130478817490468,1.23,Inf,0.218697104851384,0.000170247218137108,"FIN","B_CREATEFF"
"ExplVar_Lev1_Fixed",0.0767758800218144,0.0383882101348423,2,Inf,0.0455002638963584,0.00147365467735681,"FIN","B_CREATEFF"
"ExplVar_Lev1_Random",0,0,NA,Inf,NA,0,"FIN","B_CREATEFF"
"ResidVar_Lev1",0.931165453525672,0.0242039181796432,38.47,Inf,0,0.000585829655246862,"FIN","B_CREATEFF"
"Var_Total",1.02193082523812,0.0453936364776647,22.51,Inf,3.31270639596388e-112,0.00206058223266637,"FIN","B_CREATEFF"
"R2_Lev2",-0.145264378134802,0.21388304285951,-0.68,Inf,0.496504460907141,0.0457459560228429,"FIN","B_CREATEFF"
"R2_Lev1",0.0761709808561961,0.0338894262608772,2.25,Inf,0.0244489453100894,0.00114849321229143,"FIN","B_CREATEFF"
"R2_Total",0.0731396914204419,0.0327356808961205,2.23,Inf,0.025747442877204,0.00107162480373263,"FIN","B_CREATEFF"
"ICC_Uncond",0.0136892746017023,0.0125941414853874,1.09,Inf,0.275713144064071,0.000158612399753955,"FIN","B_CREATEFF"
"ICC_UncondWB",0.0101970539826968,0.0100266919444525,1.02,Inf,0.30772846074547,0.000100534551348949,"FIN","B_CREATEFF"
"ICC_Cond",0.0169149961636203,0.0135518884040705,1.25,Inf,0.21129954733371,0.000183653679316381,"FIN","B_CREATEFF"
"beta_(Intercept)",-0.29942620176929,0.167559104607402,-1.79,Inf,0.0734539113974526,0.0280760535368342,"MEX","A1_BELONG"
"beta_BULLIED_CWC",-0.226845480943791,0.0575695151109031,-3.94,Inf,8.14816091171014e-05,0.0033142490701045,"MEX","A1_BELONG"
"beta_ESCS_CWC",0.0600951362369786,0.051610968116344,1.16,Inf,0.246048806102687,0.00266369202990628,"MEX","A1_BELONG"
"beta_ANXMAT_CWC",-0.0457481577959306,0.0533741668756195,-0.86,Inf,0.389789042503617,0.00284880168966648,"MEX","A1_BELONG"
"beta_FAMSUP_CWC",0.128000308171505,0.051959969070711,2.46,Inf,0.0138937015772486,0.00269983838582925,"MEX","A1_BELONG"
"beta_ST004D01T",0.0950268359813352,0.119731804561347,0.79,Inf,0.429527768327274,0.0143357050235166,"MEX","A1_BELONG"
"Var_(Intercept)",0.00245570479769298,0.0110070968800471,0.22,Inf,0.825871154703571,0.000121156181726743,"MEX","A1_BELONG"
"ResidVar",1.04245727213843,0.0123446551534238,84.45,Inf,0,0.000152390510856952,"MEX","A1_BELONG"
"ExplVar_Lev2_Fixed",-0.00465707491952459,0.00313565555268244,-1.49,Inf,0.136224235933451,9.83233574506823e-06,"MEX","A1_BELONG"
"ExplVar_Lev2_Random",0,0,NA,Inf,NA,0,"MEX","A1_BELONG"
"ResidVar_Lev2",0.00245570479769298,0.0110070968800471,0.22,Inf,0.825871154703571,0.000121156181726743,"MEX","A1_BELONG"
"ExplVar_Lev1_Fixed",0.0975758556215763,0.0647528431467497,1.51,Inf,0.131043424177833,0.00419293069558757,"MEX","A1_BELONG"
"ExplVar_Lev1_Random",0,0,NA,Inf,NA,0,"MEX","A1_BELONG"
"ResidVar_Lev1",1.04245727213843,0.0123446551534238,84.45,Inf,0,0.000152390510856952,"MEX","A1_BELONG"
"Var_Total",1.13783175763818,0.061897193949864,18.38,Inf,1.89968670350368e-75,0.00383126261886708,"MEX","A1_BELONG"
"R2_Lev2",2.11553471782826,103.934372545957,0.02,Inf,0.984043372566196,10802.3537965218,"MEX","A1_BELONG"
"R2_Lev1",0.0855903686003389,0.0495677781341966,1.73,Inf,0.0836302752271899,0.00245696462916094,"MEX","A1_BELONG"
"R2_Total",0.0816630227432968,0.0475702474693603,1.72,Inf,0.0854324415826579,0.00226292844429618,"MEX","A1_BELONG"
"ICC_Uncond",-0.00193470616991834,0.00982937835746657,-0.2,Inf,0.841480581121794,9.66166788942322e-05,"MEX","A1_BELONG"
"ICC_UncondWB",0.000403244994965026,0.0161452337422252,0.02,Inf,0.984043372566196,0.000260668572591086,"MEX","A1_BELONG"
"ICC_Cond",0.00235015245469872,0.0105306781800817,0.22,Inf,0.825871154703571,0.000110895182932448,"MEX","A1_BELONG"
"beta_(Intercept)",-1.00525127986879,0.162251667935363,-6.2,Inf,5.64631607408654e-10,0.0263256037478071,"MEX","A2_FEELSAFE"
"beta_BULLIED_CWC",-0.138576658201766,0.0469420039312814,-2.95,Inf,0.00317773929472974,0.00220355173308444,"MEX","A2_FEELSAFE"
"beta_ESCS_CWC",0.049719731939765,0.0455484516395108,1.09,Inf,0.275713144064071,0.00207466144675685,"MEX","A2_FEELSAFE"
"beta_ANXMAT_CWC",-0.0340047084921462,0.0486336787427102,-0.7,Inf,0.483927304446146,0.00236523470804914,"MEX","A2_FEELSAFE"
"beta_FAMSUP_CWC",0.111629304140771,0.0412889956674589,2.7,Inf,0.00693394760608133,0.00170478116322744,"MEX","A2_FEELSAFE"
"beta_ST004D01T",0.452121816432141,0.0947218911258314,4.77,Inf,1.84225919233429e-06,0.00897223665845387,"MEX","A2_FEELSAFE"
"Var_(Intercept)",0.0343974694871364,0.027723667630923,1.24,Inf,0.214975394149174,0.00076860174690989,"MEX","A2_FEELSAFE"
"ResidVar",0.922184597840696,0.0104552548113327,88.2,Inf,0,0.000109312353169896,"MEX","A2_FEELSAFE"
"ExplVar_Lev2_Fixed",-0.00212560388151457,0.00262048593737365,-0.81,Inf,0.417940175743203,6.86694654797306e-06,"MEX","A2_FEELSAFE"
"ExplVar_Lev2_Random",0,0,NA,Inf,NA,0,"MEX","A2_FEELSAFE"
"ResidVar_Lev2",0.0343974694871364,0.027723667630923,1.24,Inf,0.214975394149174,0.00076860174690989,"MEX","A2_FEELSAFE"
"ExplVar_Lev1_Fixed",0.109120055205627,0.0519020681297659,2.1,Inf,0.0357288411256331,0.00269382467614686,"MEX","A2_FEELSAFE"
"ExplVar_Lev1_Random",0,0,NA,Inf,NA,0,"MEX","A2_FEELSAFE"
"ResidVar_Lev1",0.922184597840696,0.0104552548113327,88.2,Inf,0,0.000109312353169896,"MEX","A2_FEELSAFE"
"Var_Total",1.06357651865194,0.0525084449564217,20.26,Inf,2.89962676808375e-91,0.00275713679174156,"MEX","A2_FEELSAFE"
"R2_Lev2",-0.0658655408240262,0.146770917586387,-0.45,Inf,0.65271044057584,0.0215417022491499,"MEX","A2_FEELSAFE"
"R2_Lev1",0.105807779382457,0.0425693984238386,2.49,Inf,0.0127743095298863,0.00181215368216752,"MEX","A2_FEELSAFE"
"R2_Total",0.100598734033471,0.0402910737189778,2.5,Inf,0.0124193306515523,0.00162337062142811,"MEX","A2_FEELSAFE"
"ICC_Uncond",0.0303427774491727,0.0249951147088011,1.21,Inf,0.226278892887955,0.000624755759306124,"MEX","A2_FEELSAFE"
"ICC_UncondWB",0.0300583678147866,0.0270846213161792,1.11,Inf,0.266999026485494,0.000733576711840828,"MEX","A2_FEELSAFE"
"ICC_Cond",0.035958722896849,0.0283077732416935,1.27,Inf,0.204084630149638,0.000801330025903138,"MEX","A2_FEELSAFE"
"beta_(Intercept)",0.182378364254824,0.186165194193789,0.98,Inf,0.327086118655385,0.034657479529211,"MEX","B_CREATEFF"
"beta_BULLIED_CWC",0.0164940751252541,0.0478391912378713,0.34,Inf,0.733856527927944,0.00228858821829362,"MEX","B_CREATEFF"
"beta_BELONG_CWC",0.0971269205280892,0.0503610545389726,1.93,Inf,0.0536068377541099,0.00253623581427737,"MEX","B_CREATEFF"
"beta_FEELSAFE_CWC",0.0386734026090579,0.0547719489755565,0.71,Inf,0.477704136179973,0.00299996639458097,"MEX","B_CREATEFF"
"beta_ESCS_CWC",0.0727555990552571,0.0473475982091362,1.54,Inf,0.123560353423624,0.0022417950561738,"MEX","B_CREATEFF"
"beta_ANXMAT_CWC",-0.0466111996429761,0.045890142599402,-1.02,Inf,0.30772846074547,0.00210590518779345,"MEX","B_CREATEFF"
"beta_FAMSUP_CWC",0.182092413855574,0.0477470157282075,3.81,Inf,0.00013896679175973,0.0022797775109497,"MEX","B_CREATEFF"
"beta_ST004D01T",-0.0483756117941182,0.110769705037388,-0.44,Inf,0.659937107321187,0.01226992755407,"MEX","B_CREATEFF"
"Var_(Intercept)",0.0162423285950896,0.0207829829901377,0.78,Inf,0.435390875171466,0.000431932381968354,"MEX","B_CREATEFF"
"ResidVar",0.824613614440904,0.012694891338564,64.96,Inf,0,0.000161160266097948,"MEX","B_CREATEFF"
"ExplVar_Lev2_Fixed",-0.00437041699694255,0.00192747621192484,-2.27,Inf,0.0232075830438071,3.71516454753612e-06,"MEX","B_CREATEFF"
"ExplVar_Lev2_Random",0,0,NA,Inf,NA,0,"MEX","B_CREATEFF"
"ResidVar_Lev2",0.0162423285950896,0.0207829829901377,0.78,Inf,0.435390875171466,0.000431932381968354,"MEX","B_CREATEFF"
"ExplVar_Lev1_Fixed",0.0852175444955079,0.0366931452169303,2.32,Inf,0.0203408773374394,0.00134638690591074,"MEX","B_CREATEFF"
"ExplVar_Lev1_Random",0,0,NA,Inf,NA,0,"MEX","B_CREATEFF"
"ResidVar_Lev1",0.824613614440904,0.012694891338564,64.96,Inf,0,0.000161160266097948,"MEX","B_CREATEFF"
"Var_Total",0.921703070534559,0.0366977934798859,25.12,Inf,3.00745351407846e-139,0.00134672804629235,"MEX","B_CREATEFF"
"R2_Lev2",-0.368130857512844,1.52115349864929,-0.24,Inf,0.810330256604408,2.31390796645297,"MEX","B_CREATEFF"
"R2_Lev1",0.0936630314960051,0.0348978272492376,2.68,Inf,0.00736221601834996,0.00121785834671763,"MEX","B_CREATEFF"
"R2_Total",0.0877149377962652,0.0328590611614329,2.67,Inf,0.00758512469537098,0.00107971790041079,"MEX","B_CREATEFF"
"ICC_Uncond",0.0128804079943682,0.0219410138814306,0.59,Inf,0.55519064950693,0.00048140809014513,"MEX","B_CREATEFF"
"ICC_UncondWB",0.0210974682597742,0.0191130338064386,1.1,Inf,0.271332121892765,0.000365308061286065,"MEX","B_CREATEFF"
"ICC_Cond",0.0193164224259926,0.0244695438987671,0.79,Inf,0.429527768327274,0.000598758578613689,"MEX","B_CREATEFF"
